{
  "main": {
    "id": "e01ea885e2833fb1",
    "type": "split",
    "children": [
      {
        "id": "382d082a10296b63",
        "type": "tabs",
        "children": [
          {
            "id": "43dd153262163a1a",
            "type": "leaf",
            "state": {
              "type": "markdown",
              "state": {
                "file": "Idee.md",
                "mode": "source",
                "source": false
              },
              "icon": "lucide-file",
              "title": "Idee"
            }
          },
          {
            "id": "572f22f0dfa5358e",
            "type": "leaf",
            "state": {
              "type": "markdown",
              "state": {
                "file": "README.md",
                "mode": "source",
                "source": false
              },
              "icon": "lucide-file",
              "title": "README"
            }
          },
          {
            "id": "f22102388bc5d213",
            "type": "leaf",
            "state": {
              "type": "markdown",
              "state": {
                "file": "README.md",
                "mode": "source",
                "source": false
              },
              "icon": "lucide-file",
              "title": "README"
            }
          }
        ],
        "currentTab": 1
      }
    ],
    "direction": "vertical"
  },
  "left": {
    "id": "bc6dfd92342cfb0d",
    "type": "split",
    "children": [
      {
        "id": "c14c82aa43db29ea",
        "type": "tabs",
        "children": [
          {
            "id": "3eff1342497412d3",
            "type": "leaf",
            "state": {
              "type": "file-explorer",
              "state": {
                "sortOrder": "alphabetical",
                "autoReveal": false
              },
              "icon": "lucide-folder-closed",
              "title": "Files"
            }
          },
          {
            "id": "addc0f77918d082f",
            "type": "leaf",
            "state": {
              "type": "search",
              "state": {
                "query": "",
                "matchingCase": false,
                "explainSearch": false,
                "collapseAll": false,
                "extraContext": false,
                "sortOrder": "alphabetical"
              },
              "icon": "lucide-search",
              "title": "Search"
            }
          },
          {
            "id": "47f1d1879910b83b",
            "type": "leaf",
            "state": {
              "type": "bookmarks",
              "state": {},
              "icon": "lucide-bookmark",
              "title": "Bookmarks"
            }
          }
        ]
      }
    ],
    "direction": "horizontal",
    "width": 300
  },
  "right": {
    "id": "ac7512d250a7303f",
    "type": "split",
    "children": [
      {
        "id": "9226dfee9ffbf206",
        "type": "tabs",
        "children": [
          {
            "id": "943485f077529d68",
            "type": "leaf",
            "state": {
              "type": "backlink",
              "state": {
                "file": "Idee.md",
                "collapseAll": false,
                "extraContext": false,
                "sortOrder": "alphabetical",
                "showSearch": false,
                "searchQuery": "",
                "backlinkCollapsed": false,
                "unlinkedCollapsed": true
              },
              "icon": "links-coming-in",
              "title": "Backlinks for Idee"
            }
          },
          {
            "id": "adc878c5ec584666",
            "type": "leaf",
            "state": {
              "type": "outgoing-link",
              "state": {
                "file": "Idee.md",
                "linksCollapsed": false,
                "unlinkedCollapsed": true
              },
              "icon": "links-going-out",
              "title": "Outgoing links from Idee"
            }
          },
          {
            "id": "1155da87c7fc2da0",
            "type": "leaf",
            "state": {
              "type": "tag",
              "state": {
                "sortOrder": "frequency",
                "useHierarchy": true,
                "showSearch": false,
                "searchQuery": ""
              },
              "icon": "lucide-tags",
              "title": "Tags"
            }
          },
          {
            "id": "8db63420439369f5",
            "type": "leaf",
            "state": {
              "type": "outline",
              "state": {
                "file": "Idee.md",
                "followCursor": false,
                "showSearch": false,
                "searchQuery": ""
              },
              "icon": "lucide-list",
              "title": "Outline of Idee"
            }
          }
        ]
      }
    ],
    "direction": "horizontal",
    "width": 300,
    "collapsed": true
  },
  "left-ribbon": {
    "hiddenItems": {
      "switcher:Open quick switcher": false,
      "graph:Open graph view": false,
      "canvas:Create new canvas": false,
      "daily-notes:Open today's daily note": false,
      "templates:Insert template": false,
      "command-palette:Open command palette": false
    }
  },
  "active": "572f22f0dfa5358e",
  "lastOpenFiles": [
    "Utilizzo di subview port.md",
    "Allegati/Pasted image 20250220231317.png",
    "Allegati/Pasted image 20250220231238.png",
    "Allegati/Pasted image 20250220230622.png",
    "Allegati/Pasted image 20250220230541.png",
    "Allegati/Pasted image 20250220230342.png",
    "Idee.md",
    "README.md",
    "Allegati"
  ]
}